{"v":"5.5.5","fr":25,"ip":0,"op":125,"w":900,"h":500,"nm":"初始化空层","ddd":0,"assets":[{"id":"0","w":900,"h":500,"u":"images/","p":"img_0.png","e":1},{"id":"1","w":43,"h":44,"u":"images/","p":"img_1.png","e":1},{"id":"2","w":72,"h":76,"u":"images/","p":"img_2.png","e":1},{"id":"3","w":132,"h":131,"u":"images/","p":"img_3.png","e":1},{"id":"4","w":158,"h":190,"u":"images/","p":"img_4.png","e":1},{"id":"5","w":35,"h":35,"u":"images/","p":"img_5.png","e":1},{"id":"6","w":35,"h":35,"u":"images/","p":"img_6.png","e":1},{"id":"7","w":38,"h":35,"u":"images/","p":"img_7.png","e":1},{"id":"8","w":35,"h":35,"u":"images/","p":"img_8.png","e":1},{"id":"9","w":35,"h":35,"u":"images/","p":"img_9.png","e":1},{"id":"a","layers":[{"ddd":0,"ind":1,"ty":2,"nm":"Slice Copy 4.png","cl":"png","refId":"5","sr":1,"ks":{"o":{"a":0,"k":100,"ix":11},"r":{"a":0,"k":-353,"ix":10},"p":{"a":1,"k":[{"i":{"x":0.74,"y":1},"o":{"x":0.4,"y":0.818},"t":2.5,"s":[519,519,0],"e":[591,177,0],"to":[12,-57,0],"ti":[-12,57,0]},{"t":20.834}],"ix":2},"a":{"a":0,"k":[17.5,17.5,0],"ix":1},"s":{"a":1,"k":[{"i":{"x":[0.833,0.833,0.833],"y":[0.833,0.833,0.833]},"o":{"x":[0.167,0.167,0.167],"y":[0.167,0.167,0.167]},"t":19,"s":[300,300,100],"e":[0,0,100]},{"t":21.667}],"ix":6}},"ao":0,"ip":2.5,"op":21.667,"st":2.5,"bm":0},{"ddd":0,"ind":2,"ty":2,"nm":"Slice Copy 5.png","cl":"png","refId":"6","sr":1,"ks":{"o":{"a":1,"k":[{"i":{"x":[0.833],"y":[0.833]},"o":{"x":[0.167],"y":[0.167]},"t":18,"s":[100],"e":[0]},{"t":22}],"ix":11},"r":{"a":0,"k":0,"ix":10},"p":{"a":1,"k":[{"i":{"x":0.74,"y":1},"o":{"x":0.4,"y":0.682},"t":7,"s":[519,519,0],"e":[845,289,0],"to":[54.333,-38.333,0],"ti":[-54.333,38.333,0]},{"t":22}],"ix":2},"a":{"a":0,"k":[17.5,17.5,0],"ix":1},"s":{"a":0,"k":[300,300,100],"ix":6}},"ao":0,"ip":4,"op":24,"st":0,"bm":0},{"ddd":0,"ind":4,"ty":0,"nm":"Star.png 合成 3","cl":"png","refId":"b","sr":1,"ks":{"o":{"a":0,"k":100,"ix":11},"r":{"a":0,"k":-262,"ix":10},"p":{"a":1,"k":[{"i":{"x":0.74,"y":1},"o":{"x":0.4,"y":0.774},"t":0,"s":[519,519,0],"e":[879,599,0],"to":[60,13.333,0],"ti":[-60,-13.333,0]},{"t":16.667}],"ix":2},"a":{"a":0,"k":[19,17.5,0],"ix":1},"s":{"a":1,"k":[{"i":{"x":[0.833,0.833,0.833],"y":[0.833,0.833,0.833]},"o":{"x":[0.167,0.167,0.167],"y":[0.167,0.167,0.167]},"t":15.833,"s":[100,100,100],"e":[0,0,100]},{"t":17.5}],"ix":6}},"ao":0,"w":38,"h":35,"ip":0,"op":19.167,"st":0,"bm":0},{"ddd":0,"ind":5,"ty":2,"nm":"Slice Copy 3.png","cl":"png","refId":"8","sr":1,"ks":{"o":{"a":0,"k":100,"ix":11},"r":{"a":0,"k":-214,"ix":10},"p":{"a":1,"k":[{"i":{"x":0.74,"y":1},"o":{"x":0.4,"y":0.77},"t":5,"s":[519,519,0],"e":[855,867,0],"to":[56,58,0],"ti":[-56,-58,0]},{"t":23.333}],"ix":2},"a":{"a":0,"k":[17.5,17.5,0],"ix":1},"s":{"a":1,"k":[{"i":{"x":[0.833,0.833,0.833],"y":[0.833,0.833,0.833]},"o":{"x":[0.167,0.167,0.167],"y":[0.167,0.167,0.167]},"t":20.834,"s":[321.893,321.893,100],"e":[0,0,100]},{"t":23.333}],"ix":6}},"ao":0,"ip":5,"op":24.167,"st":5,"bm":0},{"ddd":0,"ind":6,"ty":0,"nm":"Star.png 合成 5","cl":"png","refId":"c","sr":1,"ks":{"o":{"a":0,"k":100,"ix":11},"r":{"a":0,"k":-172,"ix":10},"p":{"a":1,"k":[{"i":{"x":0.74,"y":1},"o":{"x":0.4,"y":0.875},"t":1.667,"s":[519,519,0],"e":[477,867,0],"to":[-7,58,0],"ti":[7,-58,0]},{"t":20}],"ix":2},"a":{"a":0,"k":[19,17.5,0],"ix":1},"s":{"a":1,"k":[{"i":{"x":[0.833,0.833,0.833],"y":[0.833,0.833,0.833]},"o":{"x":[0.167,0.167,0.167],"y":[0.167,0.167,0.167]},"t":18.334,"s":[100,100,100],"e":[0,0,100]},{"t":20.834}],"ix":6}},"ao":0,"w":38,"h":35,"ip":1.667,"op":22.5,"st":1.667,"bm":0},{"ddd":0,"ind":7,"ty":0,"nm":"Star.png 合成 6","cl":"png","refId":"d","sr":1,"ks":{"o":{"a":0,"k":100,"ix":11},"r":{"a":0,"k":-126,"ix":10},"p":{"a":1,"k":[{"i":{"x":0.74,"y":1},"o":{"x":0.4,"y":0.699},"t":5,"s":[519,519,0],"e":[185,757,0],"to":[-55.667,39.667,0],"ti":[55.667,-39.667,0]},{"t":23.333}],"ix":2},"a":{"a":0,"k":[19,17.5,0],"ix":1},"s":{"a":1,"k":[{"i":{"x":[0.833,0.833,0.833],"y":[0.833,0.833,0.833]},"o":{"x":[0.167,0.167,0.167],"y":[0.167,0.167,0.167]},"t":20.834,"s":[100,100,100],"e":[0,0,100]},{"t":23.333}],"ix":6}},"ao":0,"w":38,"h":35,"ip":5,"op":24.167,"st":5,"bm":0},{"ddd":0,"ind":8,"ty":2,"nm":"Slice Copy.png","cl":"png","refId":"9","sr":1,"ks":{"o":{"a":0,"k":100,"ix":11},"r":{"a":0,"k":-1,"ix":10},"p":{"a":1,"k":[{"i":{"x":0.74,"y":1},"o":{"x":0.4,"y":0.731},"t":0,"s":[519,519,0],"e":[169,407,0],"to":[-58.333,-18.667,0],"ti":[58.333,18.667,0]},{"t":18.334}],"ix":2},"a":{"a":0,"k":[17.5,17.5,0],"ix":1},"s":{"a":1,"k":[{"i":{"x":[0.833,0.833,0.833],"y":[0.833,0.833,0.833]},"o":{"x":[0.167,0.167,0.167],"y":[0.167,0.167,0.167]},"t":17,"s":[268,268,100],"e":[0,0,100]},{"t":19.167}],"ix":6}},"ao":0,"ip":0,"op":19.167,"st":0,"bm":0},{"ddd":0,"ind":9,"ty":0,"nm":"Star.png 合成 8","cl":"png","refId":"e","sr":1,"ks":{"o":{"a":0,"k":100,"ix":11},"r":{"a":0,"k":0,"ix":10},"p":{"a":1,"k":[{"i":{"x":0.74,"y":1},"o":{"x":0.4,"y":0.782},"t":5.833,"s":[519,519,0],"e":[197,199,0],"to":[-53.667,-53.333,0],"ti":[53.667,53.333,0]},{"t":24.167}],"ix":2},"a":{"a":0,"k":[19,17.5,0],"ix":1},"s":{"a":1,"k":[{"i":{"x":[0.833,0.833,0.833],"y":[0.833,0.833,0.833]},"o":{"x":[0.167,0.167,0.167],"y":[0.167,0.167,0.167]},"t":23.333,"s":[100,100,100],"e":[0,0,100]},{"t":25}],"ix":6}},"ao":0,"w":38,"h":35,"ip":5.833,"op":25,"st":5.833,"bm":0}]},{"id":"b","layers":[{"ddd":0,"ind":1,"ty":2,"nm":"Star.png","cl":"png","refId":"7","sr":1,"ks":{"o":{"a":0,"k":100,"ix":11},"r":{"a":0,"k":0,"ix":10},"p":{"a":0,"k":[19,17.5,0],"ix":2},"a":{"a":0,"k":[19,17.5,0],"ix":1},"s":{"a":0,"k":[100,100,100],"ix":6}},"ao":0,"ip":0,"op":50,"st":0,"bm":0}]},{"id":"c","layers":[{"ddd":0,"ind":1,"ty":2,"nm":"Star.png","cl":"png","refId":"7","sr":1,"ks":{"o":{"a":0,"k":100,"ix":11},"r":{"a":0,"k":0,"ix":10},"p":{"a":0,"k":[19,17.5,0],"ix":2},"a":{"a":0,"k":[19,17.5,0],"ix":1},"s":{"a":0,"k":[100,100,100],"ix":6}},"ao":0,"ip":0,"op":50,"st":0,"bm":0}]},{"id":"d","layers":[{"ddd":0,"ind":1,"ty":2,"nm":"Star.png","cl":"png","refId":"7","sr":1,"ks":{"o":{"a":0,"k":100,"ix":11},"r":{"a":0,"k":0,"ix":10},"p":{"a":0,"k":[19,17.5,0],"ix":2},"a":{"a":0,"k":[19,17.5,0],"ix":1},"s":{"a":0,"k":[100,100,100],"ix":6}},"ao":0,"ip":0,"op":50,"st":0,"bm":0}]},{"id":"e","layers":[{"ddd":0,"ind":1,"ty":2,"nm":"Star.png","cl":"png","refId":"7","sr":1,"ks":{"o":{"a":0,"k":100,"ix":11},"r":{"a":0,"k":0,"ix":10},"p":{"a":0,"k":[19,17.5,0],"ix":2},"a":{"a":0,"k":[19,17.5,0],"ix":1},"s":{"a":0,"k":[100,100,100],"ix":6}},"ao":0,"ip":0,"op":50,"st":0,"bm":0}]},{"id":"f","layers":[{"ddd":0,"ind":1,"ty":2,"nm":"抽.png","cl":"png","refId":"1","sr":1,"ks":{"o":{"a":0,"k":100,"ix":11},"r":{"a":0,"k":0,"ix":10},"p":{"a":0,"k":[260,248,0],"ix":2},"a":{"a":0,"k":[21.5,22,0],"ix":1},"s":{"a":1,"k":[{"i":{"x":[0.833,0.833,0.833],"y":[0.833,0.833,0.833]},"o":{"x":[0.167,0.167,0.167],"y":[0.167,0.167,0.167]},"t":0,"s":[108,108,100],"e":[97,97,100]},{"i":{"x":[0.833,0.833,0.833],"y":[0.833,0.833,0.833]},"o":{"x":[0.167,0.167,0.167],"y":[0.167,0.167,0.167]},"t":5,"s":[97,97,100],"e":[108,108,100]},{"t":6}],"ix":6}},"ao":0,"ip":0,"op":125,"st":0,"bm":0},{"ddd":0,"ind":2,"ty":2,"nm":"指针.png","cl":"png","refId":"2","sr":1,"ks":{"o":{"a":0,"k":100,"ix":11},"r":{"a":1,"k":[{"i":{"x":[0.517],"y":[0.712]},"o":{"x":[0.167],"y":[0.167]},"t":6,"s":[0],"e":[360]},{"i":{"x":[0.237],"y":[0.767]},"o":{"x":[0.074],"y":[0.209]},"t":11,"s":[360],"e":[1702.491]},{"i":{"x":[0.667],"y":[1]},"o":{"x":[0.412],"y":[1.289]},"t":75,"s":[1702.491],"e":[1800]},{"t":115}],"ix":10},"p":{"a":0,"k":[259.875,246.5,0],"ix":2},"a":{"a":0,"k":[36,40,0],"ix":1},"s":{"a":0,"k":[100,100,100],"ix":6}},"ao":0,"ip":0,"op":125,"st":0,"bm":0},{"ddd":0,"ind":3,"ty":2,"nm":"转盘.png","cl":"png","refId":"3","sr":1,"ks":{"o":{"a":0,"k":100,"ix":11},"r":{"a":1,"k":[{"i":{"x":[0.602],"y":[0.74]},"o":{"x":[0.167],"y":[0.167]},"t":6,"s":[0],"e":[-360]},{"i":{"x":[0.115],"y":[0.655]},"o":{"x":[0.077],"y":[0.257]},"t":11,"s":[-360],"e":[-1440]},{"i":{"x":[0.667],"y":[1]},"o":{"x":[0.456],"y":[0.932]},"t":75,"s":[-1440],"e":[-1560]},{"t":115}],"ix":10},"p":{"a":0,"k":[260,244.5,0],"ix":2},"a":{"a":0,"k":[66,65.5,0],"ix":1},"s":{"a":0,"k":[100,100,100],"ix":6}},"ao":0,"ip":0,"op":125,"st":0,"bm":0},{"ddd":0,"ind":4,"ty":2,"nm":"转盘后.png","cl":"png","refId":"4","sr":1,"ks":{"o":{"a":0,"k":100,"ix":11},"r":{"a":0,"k":0,"ix":10},"p":{"a":0,"k":[260,260,0],"ix":2},"a":{"a":0,"k":[79,95,0],"ix":1},"s":{"a":0,"k":[100,100,100],"ix":6}},"ao":0,"ip":0,"op":125,"st":0,"bm":0},{"ddd":0,"ind":5,"ty":0,"nm":"星星烟花","refId":"a","sr":1,"ks":{"o":{"a":0,"k":100,"ix":11},"r":{"a":0,"k":0,"ix":10},"p":{"a":0,"k":[249,225,0],"ix":2},"a":{"a":0,"k":[500,500,0],"ix":1},"s":{"a":0,"k":[33,33,100],"ix":6}},"ao":0,"w":1000,"h":1000,"ip":58,"op":108,"st":58,"bm":0},{"ddd":0,"ind":6,"ty":0,"nm":"星星烟花","refId":"a","sr":1,"ks":{"o":{"a":0,"k":100,"ix":11},"r":{"a":0,"k":0,"ix":10},"p":{"a":0,"k":[249,225,0],"ix":2},"a":{"a":0,"k":[500,500,0],"ix":1},"s":{"a":0,"k":[33,33,100],"ix":6}},"ao":0,"w":1000,"h":1000,"ip":41,"op":91,"st":41,"bm":0},{"ddd":0,"ind":7,"ty":0,"nm":"星星烟花","refId":"a","sr":1,"ks":{"o":{"a":0,"k":100,"ix":11},"r":{"a":0,"k":0,"ix":10},"p":{"a":0,"k":[249,225,0],"ix":2},"a":{"a":0,"k":[500,500,0],"ix":1},"s":{"a":0,"k":[33,33,100],"ix":6}},"ao":0,"w":1000,"h":1000,"ip":24,"op":74,"st":24,"bm":0},{"ddd":0,"ind":8,"ty":0,"nm":"星星烟花","refId":"a","sr":1,"ks":{"o":{"a":0,"k":100,"ix":11},"r":{"a":0,"k":0,"ix":10},"p":{"a":0,"k":[249,225,0],"ix":2},"a":{"a":0,"k":[500,500,0],"ix":1},"s":{"a":0,"k":[33,33,100],"ix":6}},"ao":0,"w":1000,"h":1000,"ip":6,"op":56,"st":6,"bm":0}]}],"layers":[{"ddd":0,"ind":2,"ty":0,"nm":"precomp_1591270785124","refId":"f","sr":1,"ks":{"o":{"a":0,"k":100,"ix":11},"r":{"a":0,"k":0,"ix":10},"p":{"a":0,"k":[650,250,0],"ix":2},"a":{"a":0,"k":[260,260,0],"ix":1},"s":{"a":0,"k":[96,96,0],"ix":6}},"ao":0,"w":520,"h":520,"ip":0,"op":125,"st":0,"bm":0},{"ddd":0,"ind":1,"ty":2,"nm":"背景图片","refId":"0","cl":"handlehook","ln":"bgImage","sr":1,"ks":{"o":{"a":0,"k":100,"ix":11},"r":{"a":0,"k":0,"ix":10},"p":{"a":0,"k":[450,250,0],"ix":2},"a":{"a":0,"k":[450,250,0],"ix":1},"s":{"a":0,"k":[100,100,0],"ix":6}},"ao":0,"ip":0,"op":125,"st":0,"bm":0}],"markers":[],"players":{"defaultFrame":0,"frameControl":[{"start":0,"end":125,"repeatCount":-1}]},"tiny":0.75}